{
  "logoImage" : "acme-logo-small.png",
  "logoWidth" : "65px",
  "logoHeight" : "36px",
  "colorPrimary" : "#006080",
  "colorSecondary" : "#009abf",
  "colorEmphasis" : "#76bd22",
  "colorBlack" : "#2d2d2d",
  "colorWhite" : "#ffffff",
  "colorRed" : "#e33d51",
  "colorYellow" : "#f7d619",
  "colorGreen" : "#76bd22",
  "colorBlue" : "#009abf",
  "headerFontFamily" : "\"Helvetica Neue\", Helvetica, Arial, sans-serif",
  "headerFontColor" : "#575757",
  "headerLineHeightRatio" : "1.4",
  "headerFontSizeXsmall" : "12px",
  "headerFontSizeSmall" : "14px",
  "headerFontSizeMedium" : "16px",
  "headerFontSizeLarge" : "18px",
  "headerFontSizeXlarge" : "20px",
  "headerFontSizeXxlarge" : "24px",
  "headerFontSizeXxxlarge" : "28px",
  "headerFontSizeXxxxlarge" : "32px",
  "headerFontSizeXxxxxlarge" : "36px",
  "bodyFontFamily" : "Arial, \"Helvetica Neue\", Helvetica, sans-serif",
  "bodyFontColorPrimary" : "#575757",
  "bodyFontColorSecondary" : "#9c9c9c",
  "bodyFontColorTertiary" : "#cacaca",
  "bodyLineHeightRatio" : "1.6",
  "bodyFontSizeXxsmall" : "8px",
  "bodyFontSizeXsmall" : "10px",
  "bodyFontSizeSmall" : "12px",
  "bodyFontSizeMedium" : "14px",
  "bodyFontSizeLarge" : "16px",
  "bodyFontSizeXlarge" : "18px",
  "bodyFontSizeXxlarge" : "20px",
  "linkColor" : "#00c2de",
  "baseCalculatedFontSize" : 14,
  "buttonDefaultBorderWidth" : "1px",
  "buttonDefaultRadius" : "3px",
  "buttonDefaultGradient" : "0%",
  "buttonDefaultPadding" : "6px 12px",
  "buttonDefaultFontSize" : "14px",
  "buttonDefaultSmallPadding" : "4px 8px",
  "buttonDefaultSmallFontSize" : "12px",
  "buttonDefaultLargePadding" : "8px 16px",
  "buttonDefaultLargeFontSize" : "16px",
  "buttonDefaultXLargePadding" : "10px 20px",
  "buttonDefaultXLargeFontSize" : "18px",
  "buttonNeutralBorderColor" : "#c4c4c4",
  "buttonNeutralBackground" : "#F5F5F5",
  "buttonNeutralBackground__hover" : "#F5F5F5",
  "buttonNeutralBackground__active" : "#F5F5F5",
  "buttonNeutralTextColor" : "#585858",
  "buttonNeutralTextColor__hover" : "#313131",
  "buttonNeutralTextColor__active" : "#313131",
  "buttonNeutralBoxShadow" : "inset 0 1px 0 0 white, 0 2px 2px 0 rgba(147, 147, 147, 0.1)",
  "buttonNeutralBoxShadow__hover" : "inset 0 1px 0 0 white, 0 2px 3px 0 rgba(147, 147, 147, 0.3)",
  "buttonNeutralBoxShadow__active" : "inset 0 2px 6px -1px rgba(45, 45, 45, 0.4)",
  "buttonNeutralTextShadow" : "0px 1px 0px #fefefe",
  "buttonNeutralTextShadow__hover" : "none",
  "buttonNeutralTextShadow__active" : "none",
  "buttonNeutralTextWeight" : "400",
  "buttonPrimaryBorderColor" : "#004d66",
  "buttonPrimaryBackground" : "#006080",
  "buttonPrimaryBackground__hover" : "#006080",
  "buttonPrimaryBackground__active" : "#006080",
  "buttonPrimaryTextColor" : "#ffffff",
  "buttonPrimaryTextColor__hover" : "#ffffff",
  "buttonPrimaryTextColor__active" : "#ffffff",
  "buttonPrimaryBoxShadow" : "inset 0 1px 0 0 #488da4, 0 2px 2px 0 rgba(0, 58, 77, 0.1)",
  "buttonPrimaryBoxShadow__hover" : "inset 0 1px 0 0 #66a0b3, 0 2px 3px 0 rgba(0, 58, 77, 0.3)",
  "buttonPrimaryBoxShadow__active" : "inset 0 2px 6px -1px rgba(45, 45, 45, 0.4)",
  "buttonPrimaryTextShadow" : "0px -1px 0px #004d66",
  "buttonPrimaryTextShadow__hover" : "none",
  "buttonPrimaryTextShadow__active" : "none",
  "buttonPrimaryTextWeight" : "400",
  "buttonSecondaryBorderColor" : "#007b99",
  "buttonSecondaryBackground" : "#009abf",
  "buttonSecondaryBackground__hover" : "#009abf",
  "buttonSecondaryBackground__active" : "#009abf",
  "buttonSecondaryTextColor" : "#ffffff",
  "buttonSecondaryTextColor__hover" : "#ffffff",
  "buttonSecondaryTextColor__active" : "#ffffff",
  "buttonSecondaryBoxShadow" : "inset 0 1px 0 0 #67c3d9, 0 2px 2px 0 rgba(0, 92, 115, 0.1)",
  "buttonSecondaryBoxShadow__hover" : "inset 0 1px 0 0 #86cfe1, 0 2px 3px 0 rgba(0, 92, 115, 0.3)",
  "buttonSecondaryBoxShadow__active" : "inset 0 2px 6px -1px rgba(45, 45, 45, 0.4)",
  "buttonSecondaryTextShadow" : "0px -1px 0px #007b99",
  "buttonSecondaryTextShadow__hover" : "none",
  "buttonSecondaryTextShadow__active" : "none",
  "buttonSecondaryTextWeight" : "400",
  "buttonEmphasisBorderColor" : "#5e971b",
  "buttonEmphasisBackground" : "#76bd22",
  "buttonEmphasisBackground__hover" : "#76bd22",
  "buttonEmphasisBackground__active" : "#76bd22",
  "buttonEmphasisTextColor" : "#ffffff",
  "buttonEmphasisTextColor__hover" : "#ffffff",
  "buttonEmphasisTextColor__active" : "#ffffff",
  "buttonEmphasisBoxShadow" : "inset 0 1px 0 0 #b6dc89, 0 2px 2px 0 rgba(71, 113, 20, 0.1)",
  "buttonEmphasisBoxShadow__hover" : "inset 0 1px 0 0 #c6e4a4, 0 2px 3px 0 rgba(71, 113, 20, 0.3)",
  "buttonEmphasisBoxShadow__active" : "inset 0 2px 6px -1px rgba(45, 45, 45, 0.4)",
  "buttonEmphasisTextShadow" : "0px -1px 0px #5e971b",
  "buttonEmphasisTextShadow__hover" : "none",
  "buttonEmphasisTextShadow__active" : "none",
  "buttonEmphasisTextWeight" : "400",
  "buttonDangerBorderColor" : "#b63141",
  "buttonDangerBackground" : "#e33d51",
  "buttonDangerBackground__hover" : "#e33d51",
  "buttonDangerBackground__active" : "#e33d51",
  "buttonDangerTextColor" : "#ffffff",
  "buttonDangerTextColor__hover" : "#ffffff",
  "buttonDangerTextColor__active" : "#ffffff",
  "buttonDangerBoxShadow" : "inset 0 1px 0 0 #f4b0b8, 0 2px 2px 0 rgba(136, 37, 49, 0.1)",
  "buttonDangerBoxShadow__hover" : "inset 0 1px 0 0 #f7c8cd, 0 2px 3px 0 rgba(136, 37, 49, 0.3)",
  "buttonDangerBoxShadow__active" : "inset 0 2px 6px -1px rgba(45, 45, 45, 0.4)",
  "buttonDangerTextShadow" : "0px -1px 0px #b63141",
  "buttonDangerTextShadow__hover" : "none",
  "buttonDangerTextShadow__active" : "none",
  "buttonDangerTextWeight" : "400",
  "buttonSuccessBorderColor" : "#5e971b",
  "buttonSuccessBackground" : "#76bd22",
  "buttonSuccessBackground__hover" : "#76bd22",
  "buttonSuccessBackground__active" : "#76bd22",
  "buttonSuccessTextColor" : "#ffffff",
  "buttonSuccessTextColor__hover" : "#ffffff",
  "buttonSuccessTextColor__active" : "#FFFFFF",
  "buttonSuccessBoxShadow" : "inset 0 1px 0 0 white, 0 2px 2px 0 rgba(147, 147, 147, 0.1)",
  "buttonSuccessBoxShadow__hover" : "inset 0 1px 0 0 white, 0 2px 3px 0 rgba(147, 147, 147, 0.3)",
  "buttonSuccessBoxShadow__active" : "inset 0 2px 6px -1px rgba(45, 45, 45, 0.4)",
  "buttonSuccessTextShadow" : "0px -1px 0px #5e971b",
  "buttonSuccessTextShadow__hover" : "none",
  "buttonSuccessTextShadow__active" : "none",
  "buttonSuccessTextWeight" : "400",
  "ratingPositiveColor" : "#00c2de",
  "ratingUnratedColor" : "#eaeaea",
  "navPrimaryBg" : "#f4f4f4",
  "navPrimaryTextColor" : "#999999",
  "navPrimaryHoverBg" : "#ffffff",
  "navPrimarySelectedBg" : "#ffffff",
  "navPrimarySelectedTextColor" : "#575757",
  "navPrimaryFontSize" : "16px",
  "navPrimaryBorder" : "1px solid rgba(0,0,0,0.2)",
  "navSecondaryBg" : "#ffffff",
  "navSecondaryTextColor" : "#9c9c9c",
  "navSecondaryHoverBg" : "transparent",
  "navSecondaryHoverTextColor" : "#575757",
  "navSecondarySelectedBg" : "transparent",
  "navSecondarySelectedTextColor" : "#575757",
  "navSecondaryFontSize" : "14px",
  "navFooterBg" : "none",
  "navFooterLinkColor" : "#9c9c9c"
}