{
  "logoImage" : "http://www.vyvebroadband.com/wp-content/themes/vyve-broadband-2015/images/vyve-broadband-logo-desktop.png",
  "logoWidth" : "94px",
  "logoHeight" : "165px",
  "colorPrimary" : "#4e4e4e",
  "colorSecondary" : "#009abf",
  "colorEmphasis" : "#76bd22",
  "colorBlack" : "#2d2d2d",
  "colorWhite" : "#ffffff",
  "colorRed" : "#e33d51",
  "colorYellow" : "#f7d619",
  "colorGreen" : "#76bd22",
  "colorBlue" : "#009abf",
  "headerFontFamily" : "'Armata', Arial, Helvetica, sans-serif",
  "headerFontColor" : "#000000",
  "headerLineHeightRatio" : "1.4",
  "headerFontSizeXsmall" : "12px",
  "headerFontSizeSmall" : "14px",
  "headerFontSizeMedium" : "16px",
  "headerFontSizeLarge" : "18px",
  "headerFontSizeXlarge" : "20px",
  "headerFontSizeXxlarge" : "24px",
  "headerFontSizeXxxlarge" : "28px",
  "headerFontSizeXxxxlarge" : "32px",
  "headerFontSizeXxxxxlarge" : "36px",
  "bodyFontFamily" : "'Armata', Arial, Helvetica, sans-serif",
  "bodyFontColorPrimary" : "#000000",
  "bodyFontColorSecondary" : "#9c9c9c",
  "bodyFontColorTertiary" : "#cacaca",
  "bodyLineHeightRatio" : "1.6",
  "bodyFontSizeXxsmall" : "8px",
  "bodyFontSizeXsmall" : "10px",
  "bodyFontSizeSmall" : "12px",
  "bodyFontSizeMedium" : "14px",
  "bodyFontSizeLarge" : "16px",
  "bodyFontSizeXlarge" : "18px",
  "bodyFontSizeXxlarge" : "20px",
  "linkColor" : "#009abf",
  "baseCalculatedFontSize" : 14,
  "buttonDefaultBorderWidth" : "1px",
  "buttonDefaultRadius" : "3px",
  "buttonDefaultGradient" : "0%",
  "buttonDefaultPadding" : "6px 12px",
  "buttonDefaultFontSize" : "14px",
  "buttonDefaultSmallPadding" : "4px 8px",
  "buttonDefaultSmallFontSize" : "12px",
  "buttonDefaultLargePadding" : "8px 16px",
  "buttonDefaultLargeFontSize" : "16px",
  "buttonDefaultXLargePadding" : "10px 20px",
  "buttonDefaultXLargeFontSize" : "18px",
  "buttonNeutralBorderColor" : "#c4c4c4",
  "buttonNeutralBackground" : "#F5F5F5",
  "buttonNeutralBackground__hover" : "#F5F5F5",
  "buttonNeutralBackground__active" : "#F5F5F5",
  "buttonNeutralTextColor" : "#585858",
  "buttonNeutralTextColor__hover" : "#313131",
  "buttonNeutralTextColor__active" : "#313131",
  "buttonNeutralBoxShadow" : "inset 0 1px 0 0 white, 0 2px 2px 0 rgba(147, 147, 147, 0.1)",
  "buttonNeutralBoxShadow__hover" : "inset 0 1px 0 0 white, 0 2px 3px 0 rgba(147, 147, 147, 0.3)",
  "buttonNeutralBoxShadow__active" : "inset 0 2px 6px -1px rgba(45, 45, 45, 0.4)",
  "buttonNeutralTextShadow" : "0px 1px 0px #fefefe",
  "buttonNeutralTextShadow__hover" : "none",
  "buttonNeutralTextShadow__active" : "none",
  "buttonNeutralTextWeight" : "400",
  "buttonPrimaryBorderColor" : "#373737",
  "buttonPrimaryBackground" : "#4e4e4e",
  "buttonPrimaryBackground__hover" : "#696969",
  "buttonPrimaryBackground__active" : "#464646",
  "buttonPrimaryTextColor" : "#ffe858 !important",
  "buttonPrimaryTextColor__hover" : "#ffffff",
  "buttonPrimaryTextColor__active" : "#ffffff",
  "buttonPrimaryBoxShadow" : "inset 0 1px 0 0 #838383,0 2px 2px 0 rgba(47,47,47,.1)",
  "buttonPrimaryBoxShadow__hover" : "inset 0 1px 0 0 #696969, 0 1px 3px -1px rgba(47,47,47, 0.4)",
  "buttonPrimaryBoxShadow__active" : "inset 0 1px 3px 0 rgba(45, 45, 45, 0.4)",
  "buttonPrimaryTextShadow" : "0 -1px 0 #272727",
  "buttonPrimaryTextShadow__hover" : "0 -1px 0 #272727",
  "buttonPrimaryTextShadow__active" : "0 -1px 0 #272727",
  "buttonPrimaryTextWeight" : "400",
  "buttonSecondaryBorderColor" : "#006c86",
  "buttonSecondaryBackground" : "#009abf",
  "buttonSecondaryBackground__hover" : "#26a9c9",
  "buttonSecondaryBackground__active" : "#008bac",
  "buttonSecondaryTextColor" : "#ffffff",
  "buttonSecondaryTextColor__hover" : "#ffffff",
  "buttonSecondaryTextColor__active" : "#ffffff",
  "buttonSecondaryBoxShadow" : "inset 0 1px 0 0 #4db8d2,0 2px 2px 0 rgba(0,92,115,.1)",
  "buttonSecondaryBoxShadow__hover" : "inset 0 1px 0 0 #26a9c9, 0 1px 3px -1px rgba(0,92,115, 0.4)",
  "buttonSecondaryBoxShadow__active" : "inset 0 1px 3px 0 rgba(45, 45, 45, 0.4)",
  "buttonSecondaryTextShadow" : "0 -1px 0 #004d60",
  "buttonSecondaryTextShadow__hover" : "0 -1px 0 #004d60",
  "buttonSecondaryTextShadow__active" : "0 -1px 0 #004d60",
  "buttonSecondaryTextWeight" : "400",
  "buttonEmphasisBorderColor" : "#538418",
  "buttonEmphasisBackground" : "#76bd22",
  "buttonEmphasisBackground__hover" : "#8bc743",
  "buttonEmphasisBackground__active" : "#6aaa1f",
  "buttonEmphasisTextColor" : "#ffffff",
  "buttonEmphasisTextColor__hover" : "#ffffff",
  "buttonEmphasisTextColor__active" : "#ffffff",
  "buttonEmphasisBoxShadow" : "inset 0 1px 0 0 #9fd164,0 2px 2px 0 rgba(71,113,20,.1)",
  "buttonEmphasisBoxShadow__hover" : "inset 0 1px 0 0 #8bc743, 0 1px 3px -1px rgba(71,113,20, 0.4)",
  "buttonEmphasisBoxShadow__active" : "inset 0 1px 3px 0 rgba(45, 45, 45, 0.4)",
  "buttonEmphasisTextShadow" : "0 -1px 0 #3b5f11",
  "buttonEmphasisTextShadow__hover" : "0 -1px 0 #3b5f11",
  "buttonEmphasisTextShadow__active" : "0 -1px 0 #3b5f11",
  "buttonEmphasisTextWeight" : "400",
  "buttonDangerBorderColor" : "#b63141",
  "buttonDangerBackground" : "#e33d51",
  "buttonDangerBackground__hover" : "#e33d51",
  "buttonDangerBackground__active" : "#e33d51",
  "buttonDangerTextColor" : "#ffffff",
  "buttonDangerTextColor__hover" : "#ffffff",
  "buttonDangerTextColor__active" : "#ffffff",
  "buttonDangerBoxShadow" : "inset 0 1px 0 0 #f4b0b8, 0 2px 2px 0 rgba(136, 37, 49, 0.1)",
  "buttonDangerBoxShadow__hover" : "inset 0 1px 0 0 #f7c8cd, 0 2px 3px 0 rgba(136, 37, 49, 0.3)",
  "buttonDangerBoxShadow__active" : "inset 0 2px 6px -1px rgba(45, 45, 45, 0.4)",
  "buttonDangerTextShadow" : "0px -1px 0px #b63141",
  "buttonDangerTextShadow__hover" : "none",
  "buttonDangerTextShadow__active" : "none",
  "buttonDangerTextWeight" : "400",
  "buttonSuccessBorderColor" : "#5e971b",
  "buttonSuccessBackground" : "#76bd22",
  "buttonSuccessBackground__hover" : "#76bd22",
  "buttonSuccessBackground__active" : "#76bd22",
  "buttonSuccessTextColor" : "#ffffff",
  "buttonSuccessTextColor__hover" : "#ffffff",
  "buttonSuccessTextColor__active" : "#FFFFFF",
  "buttonSuccessBoxShadow" : "inset 0 1px 0 0 white, 0 2px 2px 0 rgba(147, 147, 147, 0.1)",
  "buttonSuccessBoxShadow__hover" : "inset 0 1px 0 0 white, 0 2px 3px 0 rgba(147, 147, 147, 0.3)",
  "buttonSuccessBoxShadow__active" : "inset 0 2px 6px -1px rgba(45, 45, 45, 0.4)",
  "buttonSuccessTextShadow" : "0px -1px 0px #5e971b",
  "buttonSuccessTextShadow__hover" : "none",
  "buttonSuccessTextShadow__active" : "none",
  "buttonSuccessTextWeight" : "400",
  "ratingPositiveColor" : "#008bac",
  "ratingUnratedColor" : "#eaeaea",
  "navPrimaryBg" : "#f4f4f4",
  "navPrimaryTextColor" : "#999999",
  "navPrimaryHoverBg" : "#ffffff",
  "navPrimarySelectedBg" : "#ffffff",
  "navPrimarySelectedTextColor" : "#575757",
  "navPrimaryFontSize" : "16px",
  "navPrimaryBorder" : "1px solid rgba(0,0,0,0.2)",
  "navSecondaryBg" : "#ffffff",
  "navSecondaryTextColor" : "#9c9c9c",
  "navSecondaryHoverBg" : "transparent",
  "navSecondaryHoverTextColor" : "#575757",
  "navSecondarySelectedBg" : "transparent",
  "navSecondarySelectedTextColor" : "#575757",
  "navSecondaryFontSize" : "14px",
  "navFooterBg" : "none",
  "navFooterLinkColor" : "#9c9c9c",
  "advancedButtonColors" : true
}