{
  "en-US" : {
    "Cloud.Hosting" : "Cloud Hosting",
    "Cloud.Hosting.url" : "https://www.rackspace.com/cloud?cm_mmc=CloudTools-_-Referrer-_-Rootdomain-_-July2012",
    "Managed.Hosting" : "Managed Hosting",
    "Managed.Hosting.url" : "https://www.rackspace.com/managed_hosting?cm_mmc=CloudTools-_-Referrer-_-Rootdomain-_-July2012",
    "Email.Apps" : "Email & Apps",
    "Email.Apps.url" : "https://www.rackspace.com/email-hosting",
    "About.Rackspace" : "About Rackspace",
    "About.Rackspace.url" : "https://www.rackspace.com/about",
    "Rackspace.Sale" : "Rackspace Sale ",
    "Rackspace.contact.number" : "1-877-934-0409",
    "My.Apps" : "My Apps",
    "App.Market" : "App Market",
    "Marketplace.Support" : "Marketplace Support",
    "Marketplace.Home" : "Marketplace Home",
    "All.Marketplace.Apps" : "All Marketplace Apps",
    "Register.for.Marketplace" : "Register for Marketplace",
    "Login.to.Marketplace" : "Login to Marketplace",
    "Support.help" : "/help",
    "listing.apps" : "/listing#!/list/page/1",
    "Legal" : "Legal",
    "Powered.by.AppDirect" : "Powered.by.AppDirect  ©2017",
    "Rackspace.Copyright" : "©2015 Rackspace, US Inc"
  }
}