{
	"logoImage": "acme-logo-small.png",
	"logoWidth": "65px",
	"logoHeight": "36px",
	"colorPrimary": "#006080",
	"colorSecondary": "#009abf",
	"colorEmphasis": "#76bd22",
	"colorBlack": "#2d2d2d",
	"colorWhite": "#ffffff",
	"colorRed": "#e33d51",
	"colorYellow": "#f7d619",
	"colorGreen": "#76bd22",
	"colorBlue": "#009abf",
	"headerFontFamily": "\"Helvetica Neue\", Helvetica, Arial, sans-serif",
	"headerFontColor": "#575757",
	"headerLineHeightRatio": "1.4",
	"headerFontSizeXsmall": "12px",
	"headerFontSizeSmall": "14px",
	"headerFontSizeMedium": "16px",
	"headerFontSizeLarge": "18px",
	"headerFontSizeXlarge": "20px",
	"headerFontSizeXxlarge": "24px",
	"headerFontSizeXxxlarge": "28px",
	"headerFontSizeXxxxlarge": "32px",
	"headerFontSizeXxxxxlarge": "36px",
	"bodyFontFamily": "Arial, \"Helvetica Neue\", Helvetica, sans-serif",
	"bodyFontColorPrimary": "#575757",
	"bodyFontColorSecondary": "#9c9c9c",
	"bodyFontColorTertiary": "#cacaca",
	"bodyLineHeightRatio": "1.6",
	"bodyFontSizeXxsmall": "8px",
	"bodyFontSizeXsmall": "10px",
	"bodyFontSizeSmall": "12px",
	"bodyFontSizeMedium": "14px",
	"bodyFontSizeLarge": "16px",
	"bodyFontSizeXlarge": "18px",
	"bodyFontSizeXxlarge": "20px",
	"linkColor": "#295B94",
	"baseCalculatedFontSize": 14,
	"buttonDefaultBorderWidth": "1px",
	"buttonDefaultRadius": "3px",
	"buttonDefaultGradient": "0%",
	"buttonDefaultPadding": "6px 12px",
	"buttonDefaultFontSize": "14px",
	"buttonDefaultSmallPadding": "4px 8px",
	"buttonDefaultSmallFontSize": "12px",
	"buttonDefaultLargePadding": "8px 16px",
	"buttonDefaultLargeFontSize": "16px",
	"buttonDefaultXLargePadding": "10px 20px",
	"buttonDefaultXLargeFontSize": "18px",
	"buttonNeutralBorderColor": "#c4c4c4",
	"buttonNeutralBackground": "#F5F5F5",
	"buttonNeutralBackground__hover": "#F5F5F5",
	"buttonNeutralBackground__active": "#F5F5F5",
	"buttonNeutralTextColor": "#585858",
	"buttonNeutralTextColor__hover": "#313131",
	"buttonNeutralTextColor__active": "#313131",
	"buttonNeutralBoxShadow": "none !important",
	"buttonNeutralBoxShadow__hover": "none !important",
	"buttonNeutralBoxShadow__active": "none !important",
	"buttonNeutralTextShadow": "none !important",
	"buttonNeutralTextShadow__hover": "none",
	"buttonNeutralTextShadow__active": "none",
	"buttonNeutralTextWeight": "400",
	"buttonPrimaryBorderColor": "#004d66",
	"buttonPrimaryBackground": "#006080",
	"buttonPrimaryBackground__hover": "#006080",
	"buttonPrimaryBackground__active": "#006080",
	"buttonPrimaryTextColor": "#ffffff",
	"buttonPrimaryTextColor__hover": "#ffffff",
	"buttonPrimaryTextColor__active": "#ffffff",
	"buttonPrimaryBoxShadow": "none !important",
	"buttonPrimaryBoxShadow__hover": "none !important",
	"buttonPrimaryBoxShadow__active": "none !important",
	"buttonPrimaryTextShadow": "none !important",
	"buttonPrimaryTextShadow__hover": "none",
	"buttonPrimaryTextShadow__active": "none",
	"buttonPrimaryTextWeight": "400",
	"buttonSecondaryBorderColor": "#007b99",
	"buttonSecondaryBackground": "#009abf",
	"buttonSecondaryBackground__hover": "#009abf",
	"buttonSecondaryBackground__active": "#009abf",
	"buttonSecondaryTextColor": "#ffffff",
	"buttonSecondaryTextColor__hover": "#ffffff",
	"buttonSecondaryTextColor__active": "#ffffff",
	"buttonSecondaryBoxShadow": "none !important",
	"buttonSecondaryBoxShadow__hover": "none !important",
	"buttonSecondaryBoxShadow__active": "none !important",
	"buttonSecondaryTextShadow": "none !important",
	"buttonSecondaryTextShadow__hover": "none",
	"buttonSecondaryTextShadow__active": "none",
	"buttonSecondaryTextWeight": "400",
	"buttonEmphasisBorderColor": "#5e971b",
	"buttonEmphasisBackground": "#76bd22",
	"buttonEmphasisBackground__hover": "#76bd22",
	"buttonEmphasisBackground__active": "#76bd22",
	"buttonEmphasisTextColor": "#ffffff",
	"buttonEmphasisTextColor__hover": "#ffffff",
	"buttonEmphasisTextColor__active": "#ffffff",
	"buttonEmphasisBoxShadow": "none !important",
	"buttonEmphasisBoxShadow__hover": "none !important",
	"buttonEmphasisBoxShadow__active": "none !important",
	"buttonEmphasisTextShadow": "none !important",
	"buttonEmphasisTextShadow__hover": "none",
	"buttonEmphasisTextShadow__active": "none",
	"buttonEmphasisTextWeight": "400",
	"buttonDangerBorderColor": "#b63141",
	"buttonDangerBackground": "#e33d51",
	"buttonDangerBackground__hover": "#e33d51",
	"buttonDangerBackground__active": "#e33d51",
	"buttonDangerTextColor": "#ffffff",
	"buttonDangerTextColor__hover": "#ffffff",
	"buttonDangerTextColor__active": "#ffffff",
	"buttonDangerBoxShadow": "none !important",
	"buttonDangerBoxShadow__hover": "none !important",
	"buttonDangerBoxShadow__active": "none !important",
	"buttonDangerTextShadow": "none !important",
	"buttonDangerTextShadow__hover": "none",
	"buttonDangerTextShadow__active": "none",
	"buttonDangerTextWeight": "400",
	"buttonSuccessBorderColor": "#5e971b",
	"buttonSuccessBackground": "#76bd22",
	"buttonSuccessBackground__hover": "#76bd22",
	"buttonSuccessBackground__active": "#76bd22",
	"buttonSuccessTextColor": "#ffffff",
	"buttonSuccessTextColor__hover": "#ffffff",
	"buttonSuccessTextColor__active": "#FFFFFF",
	"buttonSuccessBoxShadow": "none !important",
	"buttonSuccessBoxShadow__hover": "none !important",
	"buttonSuccessBoxShadow__active": "none !important",
	"buttonSuccessTextShadow": "none !important",
	"buttonSuccessTextShadow__hover": "none",
	"buttonSuccessTextShadow__active": "none",
	"buttonSuccessTextWeight": "400",
	"ratingPositiveColor": "#295b94",
	"ratingUnratedColor": "#eaeaea",
	"navPrimaryBg": "#f4f4f4",
	"navPrimaryTextColor": "#999999",
	"navPrimaryHoverBg": "#ffffff",
	"navPrimarySelectedBg": "#ffffff",
	"navPrimarySelectedTextColor": "#575757",
	"navPrimaryFontSize": "16px",
	"navPrimaryBorder": "1px solid rgba(0,0,0,0.2)",
	"navSecondaryBg": "#ffffff",
	"navSecondaryTextColor": "#9c9c9c",
	"navSecondaryHoverBg": "transparent",
	"navSecondaryHoverTextColor": "#333333 !important",
	"navSecondarySelectedBg": "transparent",
	"navSecondarySelectedTextColor": "#333333 !important",
	"navSecondaryFontSize": "14px",
	"navFooterBg": "none",
	"navFooterLinkColor": "#9c9c9c"
}
